ano,mandato,reservas_usd_bi,salario_minimo_nominal,salario_minimo_real_indice,desemprego_pct,inflacao_ipca_pct,indice_gini,bloco_politico
2002,Fim FHC,37.8,200.0,100.0,11.7,12.5,0.589,Outras Gestões (FHC / Temer)
2003,Lula 1,49.3,240.0,101.4,12.3,9.3,0.581,Governos Lula
2004,Lula 1,52.9,260.0,103.2,11.5,7.6,0.569,Governos Lula
2005,Lula 1,53.8,300.0,110.1,9.8,5.7,0.566,Governos Lula
2006,Lula 1,85.8,350.0,121.5,8.4,3.1,0.558,Governos Lula
2007,Lula 2,180.3,380.0,125.8,8.2,4.5,0.552,Governos Lula
2008,Lula 2,206.8,415.0,131.2,7.9,5.9,0.544,Governos Lula
2009,Lula 2,238.5,465.0,139.0,8.1,4.3,0.539,Governos Lula
2010,Lula 2,288.6,510.0,147.3,6.7,5.9,0.53,Governos Lula
2011,Dilma,352.0,545.0,148.5,6.0,6.5,0.527,Governo Dilma
2012,Dilma,373.1,622.0,158.2,5.5,5.8,0.526,Governo Dilma
2013,Dilma,358.8,678.0,161.4,5.4,5.9,0.528,Governo Dilma
2014,Dilma,363.5,724.0,163.1,4.8,6.4,0.524,Governo Dilma
2015,Dilma,356.5,788.0,162.8,6.8,10.7,0.525,Governo Dilma
2016,Temer,365.0,880.0,164.2,11.5,6.3,0.537,Outras Gestões (FHC / Temer)
2017,Temer,374.0,937.0,166.5,12.7,3.0,0.538,Outras Gestões (FHC / Temer)
2018,Temer,374.7,954.0,165.8,12.3,3.8,0.539,Outras Gestões (FHC / Temer)
2019,Bolsonaro,356.9,998.0,167.0,11.9,4.3,0.543,Governo Bolsonaro (Apoiado por Flávio/PL)
2020,Bolsonaro,355.6,1045.0,166.2,13.5,4.5,0.54,Governo Bolsonaro (Apoiado por Flávio/PL)
2021,Bolsonaro,362.2,1100.0,160.5,13.2,10.1,0.544,Governo Bolsonaro (Apoiado por Flávio/PL)
2022,Bolsonaro,324.7,1212.0,161.0,9.3,5.8,0.535,Governo Bolsonaro (Apoiado por Flávio/PL)
2023,Lula 3,355.0,1320.0,166.8,7.8,4.6,0.518,Governos Lula
2024,Lula 3,359.2,1412.0,172.5,6.9,3.9,0.512,Governos Lula
2025,Lula 3,362.4,1518.0,178.1,6.4,3.8,0.508,Governos Lula
2026,Lula 3,365.0,1620.0,184.0,6.2,3.7,0.505,Governos Lula
