data,ano,veiculo,titulo,alvo,categoria,gravidade_score,resumo,impacto_eleitor,link
2018-12-06,2018,Folha de S.Paulo,"Relatório do Coaf aponta movimentação atípica de R$ 1,2 milhão de Fabrício Queiroz, ex-assessor de Flávio Bolsonaro",Flávio Bolsonaro,Investigações & Abuso de Poder,5,Início do escândalo das rachadinhas na Alerj revelando repasses sistemáticos de salários de funcionários para Queiroz.,Demonstra suspeita de apropriação indevida de dinheiro público por mais de uma década.,https://www1.folha.uol.com.br/poder/2018/12/coaf-aponta-movimentacao-atipica-de-ex-assessor-de-flavio-bolsonaro.shtml
2019-01-18,2019,Folha de S.Paulo,Coaf revela 48 depósitos em dinheiro vivo em um único mês na conta bancária de Flávio Bolsonaro,Flávio Bolsonaro,Investigações & Abuso de Poder,5,Depósitos fracionados de R$ 2.000 em terminais bancários para burlar os sistemas de controle financeiro do Banco Central.,Evidência clara de manobras para ocultação de patrimônio e lavagem de capitais.,https://www1.folha.uol.com.br/poder/2019/01/coaf-aponta-48-depositos-suspeitos-na-conta-de-flavio-bolsonaro.shtml
2019-07-16,2019,Estadão,Defesa de Flávio Bolsonaro recorre ao STF e consegue suspender todas as investigações sobre Queiroz e Coaf,Flávio Bolsonaro,Investigações & Abuso de Poder,4,"Uso intensivo de manobras jurídicas para paralisar investigações contra si próprio, contrariando o discurso anticorrupção.",Contradição frontal com o slogan de 'quem não deve não teme'.,https://www.estadao.com.br/politica/supremo-manda-suspender-investigacao-de-queiroz-e-outros-servidores-diz-mp/
2019-12-18,2019,Estadão,"MP-RJ aponta que loja de chocolates de Flávio Bolsonaro era usada para lavar até R$ 1,6 milhão em dinheiro vivo",Flávio Bolsonaro,Investigações & Abuso de Poder,5,Perícia financeira demonstrou descompasso absoluto entre o volume de vendas de doces e as quantias depositadas em espécie.,Método clássico de lavagem de dinheiro envolvendo comércios de fachada.,https://www.estadao.com.br/politica/investigacao-apura-se-loja-de-flavio-bolsonaro-lavou-r-2-1-milhoes/
2020-06-18,2020,Estadão,"Fabrício Queiroz é preso em imóvel de Frederick Wassef, advogado da família Bolsonaro, em Atibaia",Flávio Bolsonaro / Clã,Investigações & Abuso de Poder,5,Prisão do operador das rachadinhas escondido no sítio do advogado que frequentava o Palácio do Planalto.,Mostra a tentativa deliberada de obstrução de Justiça e ocultação de testemunha-chave.,https://www.estadao.com.br/politica/ex-assessor-de-flavio-bolsonaro-queiroz-e-preso-no-interior-de-sp-diz-tv/
2020-11-04,2020,CNN Brasil,"MP do Rio denuncia formalmente Flávio Bolsonaro por peculato, lavagem de dinheiro e organização criminosa",Flávio Bolsonaro,Investigações & Abuso de Poder,5,Denúncia criminal robusta apontando desvio estruturado de verba pública ao longo de mandatos sucessivos na Alerj.,"Fatos criminais detalhados em inquérito oficial, não meras acusações políticas.",https://www.cnnbrasil.com.br/politica/mp-denuncia-flavio-bolsonaro-e-fabricio-queiroz/
2021-03-01,2021,CNN Brasil,Flávio Bolsonaro compra mansão de luxo de R$ 6 milhões em bairro nobre de Brasília com renda parlamentar,Flávio Bolsonaro,Investigações & Abuso de Poder,4,Aquisição imobiliária de alto padrão com condições de financiamento atípicas no BRB (Banco de Brasília).,Desconexão gritante com a realidade econômica do trabalhador brasileiro que ganha salário mínimo.,https://www.cnnbrasil.com.br/politica/flavio-bolsonaro-compra-mansao-avaliada-em-r-6-milhoes-em-brasilia/
2021-11-09,2021,Poder360,STJ anula quebras de sigilo e decisões do caso das rachadinhas de Flávio Bolsonaro por questões processuais,Flávio Bolsonaro,Investigações & Abuso de Poder,4,"Anulação baseada em filigranas de foro privilegiado, sem que o mérito das provas e dos desvios fosse inocentado.","Vitória jurídica por foro e tecnicismo, não por comprovação de inocência.",https://www.poder360.com.br/justica/stj-atende-flavio-bolsonaro-e-anula-decisoes-do-caso-das-rachadinhas/
2024-01-25,2024,Poder360,PF aponta uso da Abin paralela para produzir relatórios sigilosos destinados a blindar Flávio Bolsonaro no caso Queiroz,Flávio Bolsonaro / Alexandre Ramagem,Investigações & Abuso de Poder,5,Investigação da Polícia Federal comprovou uso da agência de inteligência do Estado brasileiro para fins de defesa privada da família.,Aparelhamento explícito da máquina do Estado para interesse familiar e impunidade.,https://www.poder360.com.br/poder-justica/abin-atuou-ilegalmente-em-favor-de-renan-e-flavio-bolsonaro-diz-pf/
2018-10-21,2018,Poder360,Eduardo e Flávio Bolsonaro endossam discurso contra o STF: 'Para fechar o Supremo basta um soldado e um cabo',Clã Bolsonaro,Risco Institucional & Golpismo,5,Ameaça direta de intervenção armada e ruptura institucional contra a mais alta corte de Justiça do país.,Desprezo aberto pelas regras do jogo democrático e separação de poderes.,https://www.poder360.com.br/eleicoes/filho-de-bolsonaro-diz-que-basta-1-soldado-e-1-cabo-para-fechar-o-stf-assista/
2019-10-31,2019,Poder360,Clã Bolsonaro flerta abertamente com retorno do AI-5 em caso de manifestações populares no Brasil,Flávio e Clã Bolsonaro,Risco Institucional & Golpismo,5,Evocação do ato institucional mais repressivo da ditadura militar como instrumento de coerção social.,Mostra a predisposição a cassar direitos civis e liberdades individuais da população.,https://www.poder360.com.br/governo/mencao-a-ai-5-quis-dizer-que-governo-nao-deve-ficar-so-olhando-diz-eduardo/
2021-08-10,2021,Poder360,Bancada governista e Flávio pressionam por desfile militar de tanques na Esplanada no dia da votação do voto impresso,Flávio Bolsonaro / PL,Risco Institucional & Golpismo,5,Tentativa de intimidação física e psicológica do Congresso Nacional com blindados militares na Praça dos Três Poderes.,Uso de intimidação e força para coagir o parlamento a votar de acordo com seus interesses.,https://www.poder360.com.br/governo/veja-fotos-e-videos-do-desfile-militar-da-marinha-na-praca-dos-tres-poderes/
2022-11-23,2022,Poder360,PL de Valdemar e Flávio Bolsonaro pede anulação de votos de urnas eletrônicas após derrota eleitoral,PL / Flávio Bolsonaro,Risco Institucional & Golpismo,5,"Ação golpista para invalidar milhões de votos de cidadãos brasileiros sem qualquer fundamento técnico, resultando em multa de R$ 22,9 milhões.",Tentativa deliberada de anular a soberania do voto popular do eleitor.,https://www.poder360.com.br/justica/tse-mantem-multa-de-r-229-milhoes-ao-pl/
2023-01-09,2023,Poder360,Invasão e destruição dos Três Poderes em 8 de Janeiro: CPMI aponta omissão e incentivo de líderes bolsonaristas,PL / Flávio Bolsonaro / Oposição,Risco Institucional & Golpismo,5,"Culminação da retórica golpista com a depredação do Palácio do Planalto, Congresso Nacional e Supremo Tribunal Federal.",O resultado prático e caótico da ideologia extremista quando confrontada com a perda do poder.,https://www.poder360.com.br/congresso/com-maioria-governista-cpi-do-8-de-janeiro-aprova-relatorio/
2024-03-12,2024,Poder360,Flávio Bolsonaro lidera articulação no Senado por PEC que limita poderes do STF e projeto de anistia a golpistas,Flávio Bolsonaro / PL,Risco Institucional & Golpismo,4,Tentativa parlamentar de perdoar legalmente condenados por tentativa de golpe de Estado e enfraquecer o tribunal que julga seus crimes.,Busca contínua de impunidade para criminosos antidemocráticos.,https://www.poder360.com.br/poder-congresso/lider-do-pl-restringira-projeto-da-anistia-a-depredacao-no-8-de-janeiro/
2025-05-19,2025,Poder360,Senador Flávio Bolsonaro defende impeachment em massa de ministros do STF em discurso no plenário,Flávio Bolsonaro,Risco Institucional & Golpismo,4,Estratégia de retaliação institucional contínua para desestabilizar o equilíbrio entre os Três Poderes da República.,Promove caos político perpétuo em vez de foco no desenvolvimento econômico e social.,https://www.poder360.com.br/poder-congresso/flavio-bolsonaro-protocola-pedido-de-impeachment-de-moraes/
2019-10-22,2019,Poder360,Flávio Bolsonaro vota a favor da Reforma da Previdência com endurecimento de regras para aposentadoria do trabalhador,Flávio Bolsonaro,Contradições & Incoerência Parlamentar,4,"Apoio a regras que aumentaram a idade mínima e reduziram pensões, enquanto categorias privilegiadas mantiveram vantagens.",Voto direto contra o futuro previdenciário da classe trabalhadora.,https://www.poder360.com.br/congresso/congresso-finaliza-reforma-da-previdencia-promulgacao-sera-em-novembro/
2020-04-15,2020,Poder360,Governo apoiado por Flávio propõe Auxílio Emergencial de apenas R$ 200 na pandemia; Congresso teve que elevar para R$ 600,Governo Bolsonaro / Flávio,Contradições & Incoerência Parlamentar,4,Proposta inicial irrisória de assistência às famílias vulneráveis durante o auge do fechamento da economia.,Falta de sensibilidade social com quem não tinha renda para comprar comida.,https://www.poder360.com.br/governo/e-impossivel-diz-bolsonaro-sobre-prorrogar-auxilio-com-r-600/
2021-06-17,2021,Poder360,Flávio Bolsonaro vota pela privatização da Eletrobras com inclusão de 'jabutis' que encareceram a conta de luz,Flávio Bolsonaro,Contradições & Incoerência Parlamentar,4,Voto que transferiu patrimônio estratégico e aumentou custos fixos de energia elétrica para indústrias e famílias brasileiras.,Impacto direto na conta de luz e no custo de vida de todo cidadão.,https://www.poder360.com.br/governo/conheca-a-medida-provisoria-que-permite-a-capitalizacao-da-eletrobras/
2021-12-02,2021,Poder360,Votação da PEC dos Precatórios: Flávio atua para postergar pagamento de dívidas judiciais a professores e aposentados,Flávio Bolsonaro,Contradições & Incoerência Parlamentar,4,Manobra orçamentária apelidada de 'calote oficial' para abrir espaço fiscal em ano pré-eleitoral.,Adiou o direito legal de receber de milhares de credores e servidores públicos.,https://www.poder360.com.br/congresso/senado-aprova-texto-base-da-pec-dos-precatorios-em-1o-turno-por-64-votos-a-13/
2022-07-14,2022,Poder360,"Flávio e bancada do PL apoiam aumento do Fundo Eleitoral bilionário de R$ 4,9 bilhões para campanhas",PL / Flávio Bolsonaro,Contradições & Incoerência Parlamentar,5,"Destinação recorde de dinheiro dos impostos para financiar campanhas partidárias, contrariando o discurso de corte de gastos.",Bilhões do contribuinte drenados diretamente para o caixa de partidos políticos.,https://www.poder360.com.br/justica/stf-forma-maioria-para-validar-fundao-eleitoral-de-r-49-bi/
2023-08-24,2023,Poder360,Flávio Bolsonaro vota contra a nova política de valorização permanente do Salário Mínimo de Lula,Flávio Bolsonaro,Contradições & Incoerência Parlamentar,5,Voto contrário ao projeto que garante reajuste acima da inflação baseado no crescimento do PIB para quem ganha piso nacional.,Evidência documental de voto contra o aumento da renda dos mais pobres.,https://www.poder360.com.br/congresso/relator-inclui-isencao-do-ir-em-parecer-da-mp-do-salario-minimo/
2024-05-28,2024,Poder360,"Flávio Bolsonaro atua como relator da PEC das Praias, abrindo brecha para privatização de áreas litorâneas",Flávio Bolsonaro,Contradições & Incoerência Parlamentar,4,Defesa explícita de interesses de megaempreendimentos imobiliários contra o livre acesso público às praias brasileiras.,Privatização de bens públicos em favor de especuladores de altíssima renda.,https://www.poder360.com.br/poder-congresso/ccj-do-senado-adia-votacao-de-pec-das-praias/
2025-11-10,2025,Poder360,Bancada do PL obstrui votação da isenção do Imposto de Renda para quem ganha até R$ 5.000 proposta pelo governo Lula,PL / Flávio Bolsonaro,Contradições & Incoerência Parlamentar,5,Obstrução parlamentar contra medida de alívio fiscal para a classe média e trabalhadores assalariados.,Preferência por manter o imposto alto sobre a classe média para criar desgaste político.,https://www.poder360.com.br/poder-congresso/493-deputados-votaram-pela-isencao-do-ir-saiba-quem-sao/
